"longitude","latitude","tot_pob"
-8.29653030384856,43.2200041014671,916
-8.26790643268544,43.2030087063412,730
-8.33282580991936,43.2158820860485,716
-8.32208634898146,43.1738930248656,686
-8.26236563545137,43.2378514825621,1457
-8.27756118575981,43.2707448483095,989
-8.69351519545908,42.8923941379106,776
-8.63874786968522,42.9289536469423,875
-8.6429349050221,42.8773803407976,1036
-8.65225792958077,42.8991442933586,1334
-8.62158564356274,42.8422266672395,1594
-8.66267776927612,42.8616838831847,1329
-8.63897476341806,42.8492318102169,1414
-8.59909631265328,42.8482970416986,1623
-8.58069511547757,42.8422332195175,2318
-8.57875868781074,42.8446287454448,1108
-8.64029221250242,42.8637624872361,1876
-8.57703202018019,42.8474886914031,2271
-8.57107260416407,42.8452261170138,2625
-8.628460211655,42.8683635782732,876
-8.65434778921859,42.8551148909274,1780
-8.64359648843592,42.8593812691495,2353
-8.57801006116052,42.8461345199832,2103
-8.58348312864365,42.8491336804026,1225
-8.65698530325735,42.8638005418729,1884
-8.5743384848239,42.8423580216009,1593
-8.01277424018864,43.222757521122,1833
-8.24724838622464,43.423454067728,1059
-8.24109739640427,43.429499680316,1812
-8.27275333642434,43.4417427713629,2306
-8.21401403588763,43.4298986843162,820
-8.51896668820554,43.3045311692976,2980
-8.50938297438951,43.3043805398592,1386
-8.49196570715883,43.3063771330893,1592
-8.49407372825528,43.3284459609296,1701
-8.45627292852835,43.2954257778161,1238
-8.47217228280365,43.3166416696747,2013
-8.51668277922616,43.3154285137323,2441
-8.51076698007924,43.3029385849699,2220
-8.4806040584262,43.3210966581262,1821
-8.50923372121298,43.3014786012557,1745
-8.50125786369443,43.3110670581424,1405
-8.53348992429487,43.282890478069,1272
-8.48845351068577,43.2785753065983,1623
-8.56903929243395,43.2892646480312,1435
-8.46025547764149,43.3303027760073,1933
-8.45886780742393,43.3453465119793,2049
-8.4796104551958,43.3442014351067,2147
-8.44909335527884,43.3393461116976,1893
-8.15779631339159,42.9305143094408,1751
-8.21221577149296,42.9600890296317,1108
-8.11291283442104,42.9250168229093,686
-8.19018214676206,42.894557815502,1190
-8.15820871629797,42.9170470609626,1229
-8.75061398488359,42.9514921494684,1044
-8.71713741450212,42.9669955464762,1306
-8.80197910406494,42.9672236038605,1039
-8.23712244697423,43.3341625276453,1472
-8.26898170555584,43.3203494065143,872
-8.22347606851377,43.3140448333501,1499
-8.2589678111291,43.3060550836819,1959
-8.24614405379531,43.2884242110427,1015
-8.21149933252769,43.2820333753455,1596
-8.21580715112746,43.281322716775,1190
-8.20993951647901,43.2778560600706,1591
-8.20028119067181,43.2742371053252,1913
-8.20064543301797,43.2924498274271,1496
-8.20693331181412,43.268751455365,1584
-8.24971383361414,43.2692916656981,756
-8.22551249055205,43.2711007473555,1456
-8.2091568956189,43.273968515803,1448
-8.16152117519672,43.014747648175,989
-8.08959556519929,42.9996341860943,954
-8.88335294705031,42.6549012923677,1609
-8.88187964132278,42.6470807819402,1632
-8.8899763055797,42.6455154297416,1990
-8.87965587388189,42.6162704692414,1390
-8.87307937870064,42.6217910823816,781
-8.85859181467015,42.6312702262942,1659
-8.87094189616832,42.6482471087814,1617
-8.88309606870089,42.6387689731583,1133
-8.8777441343887,42.6417118345921,1076
-8.85865740245859,42.68017183297,831
-8.86663246611462,42.6677062420042,909
-8.84629154676546,42.7049735545973,702
-8.90644687001525,42.6925958512849,1283
-8.9071650553463,42.6359725978759,1486
-8.92443626765629,42.6567883695803,857
-8.42002557034146,42.8116786823466,689
-8.43968675489463,42.8520306307737,1497
-8.46405966989543,42.8039825456981,1061
-8.36410442401044,42.800238247807,939
-8.69438298315166,42.8616646717895,1793
-8.67653201982153,42.8454527800454,1327
-8.6776110217946,42.8533945299001,2115
-8.66880311020078,42.8240840226123,1681
-8.76030975984426,42.8611312383495,1041
-8.91638184788993,43.2128574943729,1290
-8.96032985340101,43.2007378600344,1230
-8.90218554388404,43.1776604364194,595
-8.85429354176028,43.1910169045719,1070
-8.15156608048706,43.4223637580386,1153
-8.17268444350832,43.4265554315382,1009
-8.12118880267323,43.4377161474167,1197
-9.18168528628055,43.1318484436659,1054
-9.18961379512685,43.1460260547789,1488
-9.15017896016467,43.1639300807685,631
-9.12069437235143,43.1469689911388,972
-9.10495112742547,43.1766665584147,1079
-8.3502826437449,43.2947021965411,1395
-8.3661708946842,43.2834721598171,1472
-8.35666141819587,43.3133915143962,1922
-8.35564525059715,43.3200852502223,2303
-8.3398488300662,43.2998579461518,1686
-8.35149906863864,43.3032536418131,1275
-8.3602839835359,43.3195837624585,1614
-8.35549058857518,43.3162552670552,1662
-8.35579544919958,43.3058954053488,1560
-8.353950286786,43.3177960881041,1940
-8.34562911369992,43.2902998402411,962
-8.35682432357289,43.2698258256018,1307
-8.32246634990121,43.2645638971574,2221
-8.30486818294511,43.2976927937585,2254
-8.31374466229818,43.2786833688516,1043
-8.04220422643115,43.4449264004896,1242
-8.68926553570391,43.2136652091058,987
-8.69687694920839,43.2209593250339,1462
-8.68370883155504,43.2185404443184,2040
-8.69025348902185,43.2094674880139,1787
-8.69310167508095,43.2151826683665,1680
-8.70137444626955,43.2122023593464,913
-8.69374959754336,43.2002715211206,851
-8.72527276014203,43.2157055614774,670
-8.66789264152783,43.2284645984466,1377
-8.64079173232023,43.2161150736588,989
-8.65151687825945,43.1865225894285,594
-8.68088345799593,43.1812412502181,600
-8.74275201509518,43.2382712468286,960
-8.69314088498051,43.2479501226477,574
-8.62324899837475,43.1984488652901,845
-8.60505244697079,43.1711421719663,658
-8.6438365771043,43.1451668285907,999
-8.68012223050967,43.1318115514846,745
-8.71618772537049,43.2728876396443,809
-8.66558721427262,43.2787736105554,625
-8.62877622080939,43.293674286182,600
-8.69728275435134,43.2076401125745,1798
-8.70354911862273,43.2171209795509,1271
-8.68584450495332,43.212695024908,1038
-8.68728714211841,43.2178763577746,1488
-8.68842147722137,43.2223512064636,1751
-8.69431532805122,43.2116874246957,2140
-8.68868601301037,43.2070742696547,1163
-9.08495568105385,42.8220641469073,913
-9.1174066551701,42.7904175829389,1208
-9.0805976144383,42.8591503603732,732
-9.12006958271837,42.8787648653463,1001
-8.34744248039088,43.2326246251917,1215
-8.37273086856323,43.1886590836642,1139
-8.37683621056203,43.2246900286753,2361
-8.31280777999668,43.2409329053919,893
-8.355819784593,43.2457637968765,966
-8.05915116291215,43.671344228989,686
-8.04834511543343,43.6635918918886,2058
-8.05064682150963,43.6555169948694,1852
-8.009876349685,43.6821264022414,1391
-7.97924898376328,43.6546674017808,663
-9.15717339068116,42.9362197415504,1312
-9.18699722800986,42.9553481807163,2055
-9.19150915208322,42.9545788145887,1801
-9.21843967343947,42.9742438891159,1693
-9.19040007998017,42.9894454198681,707
-8.47666347471108,43.1856678217336,2004
-8.42650565534426,43.1936716162369,776
-8.4950776286056,43.1429702692873,1090
-8.54973766286852,43.1542191361621,1126
-7.96245707553332,43.6116866665101,1075
-8.13842521834003,43.2418196025876,1873
-9.19849982062693,42.9314589401273,1606
-8.77662010029443,43.1857915842817,1172
-8.80640366647041,43.2059132682706,649
-8.80519365547739,43.1371297521165,1110
-8.72804823511113,43.1351862074304,1407
-8.73769647190481,43.1962203584123,1540
-8.39603431874471,43.3700910105297,962
-8.39773643190484,43.3716623335319,829
-8.39349573482767,43.3706152107471,1290
-8.40600648472861,43.3694820207131,1547
-8.39164456642352,43.3705324676251,1364
-8.39778721440232,43.3724766818747,944
-8.40368933627466,43.3716289274784,2010
-8.40068191455043,43.3719532394502,1395
-8.40089738536999,43.3692781903919,1434
-8.40342644158523,43.3662326682672,1198
-8.39779177501711,43.3738888339812,1046
-8.39931126703654,43.3757215416683,780
-8.40178876420994,43.3741544023445,1774
-8.39563643656566,43.3736862511106,822
-8.39680336328778,43.3748668592218,1048
-8.39749383433291,43.3768158685831,1413
-8.39444648916051,43.3750366291791,1755
-8.39586511782411,43.378179864114,1980
-8.39965453903171,43.3781740522717,1878
-8.40129556328619,43.3775241725158,1368
-8.40348547272392,43.3761792565094,1092
-8.40317132543211,43.3772046860017,984
-8.40275210473836,43.3785277526127,1093
-8.40622412272469,43.3773237167915,981
-8.4048369951138,43.3783922210951,1358
-8.40519040253058,43.3798843292848,1055
-8.402547303248,43.3800212395697,1671
-8.40017600477456,43.380087437647,1750
-8.40100532714672,43.381113147471,788
-8.40852991685825,43.379485111817,1185
-8.40853444839857,43.3823100267506,1893
-8.39537870752937,43.3845215369825,1793
-8.40229140129629,43.3850080024576,1016
-8.40627810931537,43.366469090818,836
-8.40814755646141,43.3662314655334,1313
-8.40936027175439,43.365374252287,1460
-8.41157032243198,43.3642254592486,972
-8.40910832605647,43.3635998662034,1405
-8.40713378424833,43.363786886494,1181
-8.40514721094723,43.3622869886955,1457
-8.40929584198761,43.3623739823873,1221
-8.40956848179383,43.3612549268611,1213
-8.4073208870632,43.3614042258108,978
-8.40860453620267,43.3602433440821,920
-8.4086559438366,43.359377027356,1440
-8.40595905278432,43.3597591428471,1118
-8.40459699450473,43.3599685649316,1096
-8.40406651331238,43.3578732342863,1854
-8.40518651273692,43.3558340831318,1394
-8.40395686431423,43.3543658090048,1385
-8.40006657280719,43.3587007937234,1631
-8.41028965878731,43.3646049892811,817
-8.40067612863793,43.3561032444399,1015
-8.39526814276223,43.356382610503,674
-8.41468318968892,43.3617588207312,919
-8.41236798742017,43.3612847823657,1181
-8.41584395244057,43.3597766918449,1099
-8.41661967393899,43.3586968353578,1214
-8.41886101715697,43.3584692001149,1202
-8.41389305220045,43.3585425917207,1186
-8.40936963806817,43.3584244790122,1850
-8.40878770894313,43.3574327816417,1141
-8.40740301034467,43.3570816452734,1169
-8.40746324759347,43.355415683534,1623
-8.41018597099316,43.3549552801962,1155
-8.41018054246675,43.3565464802715,1183
-8.41213846350553,43.3568638267188,1575
-8.41385649207346,43.3566602870481,774
-8.41720058238707,43.3576239160776,1531
-8.40726048359907,43.3531148200518,1036
-8.4120279550501,43.3535443701973,855
-8.41237839217604,43.3507435759052,1306
-8.41266639239904,43.3550328172484,727
-8.41323320606626,43.3542762541167,1098
-8.41416781690321,43.3529257365863,1783
-8.41454954241612,43.3514722441151,809
-8.41117473017532,43.3556376695147,1033
-8.41818902336151,43.3591553182028,890
-8.41548095190219,43.3569307980451,1231
-8.41233532653839,43.3525553666952,984
-8.40956986371145,43.3679808309695,1622
-8.41314031985405,43.3677494412798,1064
-8.41205815308178,43.3664401675521,1453
-8.4150751968381,43.3645658710349,1839
-8.41785121963757,43.3663149926471,1305
-8.42154413709837,43.3699513409848,1575
-8.4235874249184,43.3675080314407,1632
-8.42615383775915,43.3715727947189,2271
-8.42088164598841,43.3721413186055,1396
-8.42188153299299,43.3752524176218,731
-8.43894649611615,43.3760727657904,1359
-8.43147978058773,43.3673234888461,1800
-8.41186530179159,43.3654783563477,1075
-8.41724513104573,43.3693967580637,2175
-8.42265530968432,43.3731331782276,1352
-8.42315916415336,43.3664537420081,1240
-8.42697077223995,43.3744055172699,1730
-8.43502127249722,43.3755338452372,2155
-8.43400125818593,43.3735968049443,1402
-8.43031338764361,43.3737128115662,1119
-8.43441165419058,43.3746923337558,1591
-8.43428093599284,43.3722295337116,2211
-8.41566207515806,43.3630933839472,1478
-8.41907932685708,43.3639401719953,1597
-8.41805535388407,43.3629896019661,1040
-8.41896836348178,43.3610208534402,879
-8.42028516299696,43.3601348219759,1072
-8.42148841176737,43.3589738373774,788
-8.42162635018219,43.3599143135407,916
-8.41918869656332,43.3619037266367,932
-8.42043826922019,43.3622497639429,1444
-8.42325936082638,43.3617827623028,1143
-8.42067136489328,43.3635204533357,756
-8.4241269514473,43.3625000791812,1617
-8.42383828189537,43.3636493309679,1065
-8.4228849514282,43.3643818427534,1375
-8.42159642005017,43.3652300438284,1325
-8.42381403719514,43.3650124035793,1451
-8.41714053709275,43.3609485556558,1384
-8.41735759525666,43.3619484165757,1082
-8.41881971632806,43.3601224662407,1052
-8.42158848258155,43.3619166350879,843
-8.42202780824,43.3631859243794,970
-8.42213359596184,43.3642075357172,713
-8.42214616398404,43.3608520516377,1230
-8.39617011355992,43.3536488719736,1323
-8.39266823896074,43.3529067968242,1611
-8.39555349879125,43.3528798002864,836
-8.38933391474408,43.3518744796919,1468
-8.3934690347814,43.3522331443029,1100
-8.39063360866876,43.3508936096767,1868
-8.3957609659412,43.3513118681967,1554
-8.39779322249223,43.3516765126277,1664
-8.40286449289573,43.3531298985409,1719
-8.40029404541964,43.353703752731,1168
-8.3989706694025,43.3532443379424,1502
-8.39859096204831,43.3550834946711,1500
-8.39197701275627,43.3541526764381,1967
-8.38819832143205,43.3523727767191,1606
-8.41181587694477,43.3488426923517,1642
-8.41235050900234,43.3463292924553,1088
-8.40632421768451,43.3499128918691,685
-8.40435710579048,43.3479296010718,1119
-8.40950409706286,43.3466235242301,1004
-8.40363169861347,43.350516788389,1531
-8.39758478675951,43.3481565587473,1516
-8.40009972082348,43.3471900571829,1299
-8.40212457094533,43.3461011425493,1339
-8.40386061788567,43.3445400484392,694
-8.40088608138938,43.3443641329766,800
-8.40373511822763,43.343530147883,1067
-8.41310282740518,43.342128758309,1319
-8.40848017197194,43.3500084590213,1004
-8.41105161291423,43.3441810672836,1327
-8.42304612647293,43.3430767537914,1435
-8.40558526297178,43.3452902899541,925
-8.40732305503152,43.3465812082751,828
-8.4014788524747,43.3478416708237,1527
-8.41469034006017,43.3376324726995,1811
-8.39884878686182,43.3468176552855,1264
-8.3956326002677,43.349275441444,1192
-8.39325609924775,43.3502621409025,1154
-8.40037360710699,43.3502595591945,1004
-8.40528481880846,43.3404574682306,2102
-8.40269536495507,43.3417954440128,1418
-8.40858103152531,43.3392111892119,855
-8.39572060769669,43.3410475196257,1300
-8.39726781558753,43.3453332566439,2063
-8.38984023331831,43.3439285030014,1630
-8.39801765383042,43.3372322569072,1619
-8.39759407695623,43.3263121658632,2059
-8.3851079036381,43.3295070106048,1211
-8.39088603713205,43.3331800755571,862
-8.40865233404336,43.3302829790357,686
-8.43040157187786,43.3208262752857,1957
-8.43831617643466,43.3335528679001,2562
-8.44574478943449,43.3247394737381,2654
-8.45004387584234,43.3214903159817,1538
-8.4300621200497,43.3269628194863,837
-8.42226324096235,43.3110624220376,2101
-8.44504984735876,43.3572120623412,864
-8.42376823364104,43.3591301966874,1646
-8.42492623276376,43.3601745296759,1474
-8.42620522222301,43.3611971653521,1349
-8.42168931217999,43.3529205713134,2370
-8.42037172489998,43.3573896072776,1172
-8.36735115948397,43.3049393309679,1232
-8.36718190244306,43.3142506372112,1333
-8.36970830813424,43.316248351777,2281
-8.37303625269447,43.3159956221232,1493
-8.36432871188121,43.3150709261865,1639
-8.36975400996325,43.3150389173054,666
-8.36416335682366,43.3178497305391,1854
-8.37879665473998,43.3247894943393,1764
-8.38604577502417,43.3192850119825,2137
-8.37911177733173,43.3085373184614,1106
-8.40268877778676,43.3119094968737,2347
-8.38114167006541,43.3206172781101,2121
-8.38617612163506,43.3087605680035,1550
-8.38069698376713,43.3277321461917,1797
-8.3762063424109,43.3178205752035,845
-8.38693483417311,43.3235947055002,1319
-8.39151270543378,43.2934743973605,1462
-8.41958691012684,43.2637100406183,1638
-8.40575008598568,43.2438888728074,1127
-8.42565706767834,43.2864748651556,1047
-8.00889189205295,43.1357302766624,712
-8.02338893040316,43.1554355683726,1550
-8.11195423845915,43.1253101160295,1819
-8.68206271389555,42.7260027125885,1131
-8.74399419138989,42.7156229963976,894
-8.7081079454079,42.732008617109,685
-9.0950155048145,43.013560147903,862
-9.11760094004385,42.9272183839796,601
-9.03613909755044,42.9862121531043,687
-9.1295498683509,42.9766682664733,777
-8.15665602265966,43.465757289194,568
-8.16465389228943,43.4792510927317,1495
-8.13787652795049,43.4679023142299,1405
-8.16985641321903,43.467643290422,1297
-8.17903500357922,43.4749206444244,1079
-8.17315069657014,43.4778120820174,1310
-8.16480583404308,43.4744507915008,1583
-8.16938303712672,43.4723827914081,805
-8.17921563213746,43.4588908160224,1519
-8.19652537476763,43.4547761143817,1041
-8.18766683027942,43.438669438036,730
-8.22445050293325,43.4800552728695,727
-8.22480000770356,43.4826026137283,1517
-8.22688006636866,43.4848487097661,1718
-8.22526336345525,43.4858211630277,764
-8.2240708796398,43.4868549718529,903
-8.22150860336059,43.4852420157035,1802
-8.23084157745903,43.4833276407927,1400
-8.23144485770429,43.4853002733837,838
-8.23348836062902,43.4864706990793,1228
-8.23013863008298,43.4892789023201,1369
-8.22769376036682,43.4872079633629,703
-8.22453960567205,43.4887158061337,1091
-8.2250451520629,43.4905387448152,789
-8.22349002090136,43.4913348695431,1403
-8.2210037292285,43.4925257106434,1111
-8.22006612175703,43.4913692290341,1248
-8.21916953396525,43.4905753741366,1039
-8.22001190960775,43.4893326834704,1169
-8.22037766619439,43.4877054973267,1287
-8.21821688538669,43.4888188338908,1055
-8.23397230294294,43.4833374331577,588
-8.2352278102379,43.4850039197718,644
-8.23663921082836,43.4866202538691,997
-8.23854143863362,43.4880522368823,1104
-8.23822250556995,43.4795415328856,771
-8.23751980132857,43.4828073094133,727
-8.23859792439628,43.4839842043732,903
-8.24210693003229,43.4807887253762,919
-8.24142412158808,43.4826931907292,1293
-8.24364211482223,43.4855966769297,1051
-8.24669834155293,43.4809288834768,1036
-8.22397861930165,43.4804963656617,1527
-8.21213773632436,43.4848017669473,703
-8.20844267619709,43.4855668338227,912
-8.20516913479505,43.4851129127757,1051
-8.20260700566666,43.4843762269816,710
-8.20119223144676,43.4826661302414,1266
-8.20879232828749,43.4841987837086,657
-8.20697619028923,43.4827162522038,925
-8.20647613381688,43.4809681431176,676
-8.20408973385661,43.4799375007126,845
-8.20393950602378,43.4785091017956,908
-8.21546983547365,43.4898186997291,1172
-8.20417447695715,43.4868667378327,984
-8.21068916133657,43.4924182518448,1215
-8.21739748764765,43.4927638455031,1470
-8.21549465107705,43.492619282512,988
-8.21190532375661,43.4939583722753,1942
-8.21273752883081,43.4974325649423,883
-8.20633498159867,43.5124573448615,1269
-8.22051263451623,43.506103830294,1527
-8.22533817309161,43.497018894948,1300
-8.22471218235245,43.4941113413688,599
-8.23836424971059,43.4938009890577,1299
-8.23315700081884,43.5060185013871,1169
-8.25778559582812,43.5089312167681,982
-8.26318550093421,43.492669792875,752
-8.28185305325797,43.4750677163926,735
-8.30842723011316,43.484612708506,818
-8.29503854817105,43.5178372020745,740
-8.29073405211806,43.5501872894807,883
-8.24378631404008,43.5329670024281,684
-9.26911001226725,42.9106135060779,1283
-9.27085534648677,42.9044898654965,763
-9.2711473596957,42.8938114910754,793
-9.26752173974258,42.9335811277572,1164
-9.24920862225753,42.9561014461733,711
-8.25118557955232,43.0405752166291,1174
-8.30831056872558,43.0502813364901,1132
-8.06990393755462,43.2853545022154,1340
-9.00940782407378,43.2223211725815,1685
-9.01990789287995,43.1855008448127,1319
-8.62114124072971,43.2486983143552,1124
-8.60504588597886,43.309755524334,834
-8.52453541961915,43.2469769927155,722
-8.56242732013638,43.1996581236284,1243
-8.61900097627226,43.2685592598696,602
-8.56146171399451,43.2527842741648,1347
-8.49163108331465,43.2259829427915,806
-8.58247946434218,43.2575018483118,1292
-8.60346057006945,43.230176842321,794
-8.59101329777417,43.2486436413043,1181
-8.57666011191047,43.2419283867859,1576
-8.8472311107564,42.7640165417333,1016
-8.88956623935949,42.7439757157011,1088
-8.8089139261613,42.7751738983226,1131
-8.81144149827156,43.3195285892018,1871
-8.83350616098065,43.3189405154162,1086
-8.87722374978011,43.3062705178372,615
-8.79995829910859,43.2858980073821,1010
-8.7558501364973,43.2777857425125,750
-7.73463398253077,43.6522951149328,1309
-8.98758623476526,42.96314614327,913
-8.92655792802349,42.9631264837419,1047
-8.94211399695433,42.9095346930205,585
-9.01404116439899,42.887231105367,690
-9.05781984854609,42.9243018542713,571
-8.01343622073952,42.9164729888861,1386
-8.01727520556081,42.9042462935281,1523
-8.02003903586167,42.9166216228498,658
-8.0453022914432,42.9321785336037,1330
-8.01359922045432,42.9416497325127,1282
-8.00889173335062,42.9131707423425,1248
-8.21875023277395,43.1037983219448,619
-8.19252385025015,43.0691012507542,708
-8.2912020594269,43.1224721671825,1152
-8.19702838193258,43.34510887497,1349
-8.1624598566089,43.3350308744216,785
-8.20841001851811,43.3521914091609,1706
-8.17591358930066,43.3632877735203,759
-8.19742484403244,43.3815025511915,1824
-8.00353939403517,43.5497407858788,559
-7.96653165762436,43.5737611869396,641
-8.04195332446996,43.3634849240655,1272
-7.9519418331222,43.3295572131192,636
-8.25906066880374,43.4593861309224,1095
-8.25146256241853,43.4536382960951,2279
-8.21743837013871,43.4440570257222,1060
-8.21121103821225,43.4550253638326,792
-9.21874676019003,43.1045537911689,1462
-9.20043465314923,43.0784845077989,745
-9.13667090413145,43.0853006704075,956
-9.16462757374109,43.0391564770962,746
-9.23718389079513,43.0353820765741,655
-9.06111671372439,42.7725429777509,1397
-9.06594082978651,42.7799095338797,865
-9.08690693083201,42.7645667833842,1152
-9.08035283863178,42.7911371211296,868
-9.05493376502998,42.8074257377081,1066
-9.02425398019514,42.8288218962563,780
-8.99799347689427,42.789379652001,1163
-8.98403054328327,42.8141488896655,1108
-8.15255751360881,43.5234335940739,1145
-8.16514053616518,43.5285218774276,970
-8.15965280861283,43.5149712371195,1321
-8.17847350212157,43.5425661956954,909
-8.20938850736117,43.5349026357268,764
-8.21786735606269,43.5591390979393,1823
-8.10809427463061,43.5334080942591,1140
-8.13988562615619,43.5497726198337,950
-8.17954739657866,43.5098983099567,1724
-8.18871601352604,43.5066960045979,2112
-8.17827909742895,43.5020530086682,1366
-8.19738289468637,43.5010161494642,1032
-8.19045608634359,43.5007491676294,2144
-8.20161211117769,43.5002629340927,1220
-8.20502324755549,43.4981993376002,943
-8.20237636222932,43.4959135255801,1046
-8.20462359932587,43.4934230875937,1097
-8.19561990444955,43.4912364209109,1543
-8.18609727275057,43.5178949622929,2052
-8.20139434546954,43.5020123933571,1246
-8.20001509970275,43.4934908311714,1936
-8.17210143364655,43.5159383135318,1289
-8.19211699337574,43.4970441932882,1518
-8.20463094569719,43.5009299683569,1383
-8.19845832039384,43.4964601421883,1432
-8.20240800622708,43.4921947460498,1146
-8.19229886253851,43.5029006246342,2223
-8.20207943213446,43.4977007205609,1439
-8.16041989289,43.4974346446537,1371
-8.14550571796446,43.5188094631552,834
-8.14353903538947,43.500651994255,940
-8.14958717290617,43.4898235903707,565
-8.13160787093678,43.5120227527676,663
-8.10905678798687,43.4913881514347,659
-8.72928001395944,42.9135682865019,2108
-8.71103281214993,42.9105659809449,578
-8.7427708985053,42.9081564731762,1957
-8.79077254672371,42.9018978529378,991
-8.85324589741467,42.9125631291931,1141
-8.89240601584818,42.7686422010542,2184
-8.91388939927956,42.7807061950375,1057
-8.88539775558641,42.7870405211918,1902
-8.88597785858902,42.7838639379145,856
-8.88806891461101,42.7825259196494,604
-8.88570766324018,42.7801774976113,1941
-8.88929336525279,42.7876208076655,2247
-8.8882962409317,42.7927904090706,1277
-8.88349329801424,42.8057824135401,1064
-8.84553707911064,42.8191563543163,1108
-8.3142067154883,43.3378661382162,1459
-8.31258827273198,43.3167636369561,1279
-8.33041063414887,43.3245741788685,1535
-8.33632554097883,43.311639478213,1213
-8.34583086718489,43.3209254638162,2053
-8.31743110530561,43.3343713320351,1716
-8.368809941339,43.334394331075,2605
-8.37328438633468,43.3376187228973,2270
-8.35300961199287,43.3311201282765,1697
-8.32008600716441,43.3536125981308,2097
-8.37232844278688,43.3294422811509,2565
-8.38023505478822,43.3380512852338,1440
-8.33642224896656,43.3593299864112,1469
-8.36401025586723,43.325879525903,1731
-8.33522952650291,43.3391870045649,1500
-8.31692422559689,43.3936269905426,1424
-8.32396117102939,43.3714034675483,1539
-8.33242696645494,43.3847915761187,1579
-8.40333240649017,43.0845645749311,2039
-8.40426850694128,43.0663919719267,1789
-8.41955302635941,43.069689797272,1843
-8.42264845884072,43.1240114366173,871
-8.42390517742323,43.0832256118933,982
-8.40511419539194,43.0776620779621,975
-8.3797737015495,43.1408986106156,920
-8.35188485784044,43.0911220775549,1028
-8.38378800295961,43.0416800367127,878
-8.44710868746848,43.0757755498508,1280
-8.43730270078553,42.9722287772269,2690
-8.43182769476798,43.0175981546945,791
-8.40970103339575,42.9846322386639,1213
-8.44105294341752,42.9904134631508,699
-8.44644807641581,42.970439274755,1333
-8.35107621080835,42.9985521812131,804
-7.85017759919789,43.6847260179849,1502
-7.83759790216575,43.6792046865229,595
-7.79007993465782,43.7113264776978,576
-7.75204055440462,43.7238070880946,597
-7.78142255219364,43.6749733288693,538
-7.84106701392532,43.6127944720254,1084
-7.91625217820201,43.6601223627329,593
-8.86079025304183,42.842396515246,669
-8.89370025920718,42.878667568369,614
-8.89233617817481,42.8359827721981,1028
-8.95186383607349,42.8617656998825,1670
-8.9159868996904,42.8103822955278,682
-8.92890220077725,42.8255184313985,651
-8.95606161744237,42.8123655320788,836
-8.14742944534277,43.2829556058295,1123
-8.18205415849457,43.3111399129722,667
-8.19560533751527,43.3286663774886,603
-8.66921102232139,42.7476181945411,1041
-8.6577006844778,42.7357166892302,1794
-8.66255037840472,42.7369329445813,1213
-8.6458435749732,42.7568879459569,1172
-8.65624806997244,42.7309262363552,708
-8.6003395392042,42.7556145327077,672
-8.62654628168868,42.7343946786583,593
-8.64237999902304,42.7864214644876,1124
-8.36969365162246,42.9046554515433,1596
-8.38525907488578,42.9388529917707,781
-8.29138650170349,42.9777684070704,1014
-8.2949465778724,42.9167014930531,1248
-8.93923044359088,42.6061940430779,1564
-8.93722677233898,42.5997864822479,1423
-8.95972890365871,42.6008168154341,1561
-8.93872607959986,42.5911446780585,1517
-8.95897079506159,42.6247032118677,1345
-8.94235622927758,42.644334441269,795
-8.91886317370984,42.6287519739826,1086
-8.91747345586137,43.2492020614475,904
-8.86248435763591,43.2758381520068,612
-8.86798746253053,43.2434475327599,1533
-8.8068284621783,43.2496728685777,821
-8.9255627204274,43.278033705369,513
-8.97153383854242,43.273775196972,1074
-8.16598628174473,43.4054418638133,2052
-8.17111871283198,43.4052325821976,699
-8.17685564745761,43.4082867079873,1629
-8.168716222872,43.3885496992805,1253
-8.20365772663833,43.3982306820363,795
-8.13205840700911,43.4059316471478,1259
-7.86321934469268,43.4514217079048,654
-7.85630738501429,43.4528925629245,2204
-7.84988182112838,43.4536287078027,1618
-7.84771072081963,43.450594389116,1746
-7.84585241820893,43.4486753802124,941
-7.82783728915888,43.4383676909236,1337
-7.81617174829758,43.5123725563076,710
-7.93521925253097,43.4337208078816,822
-9.00725969023881,42.7238333527317,845
-8.98791161821027,42.7182922447596,1567
-9.00239857072538,42.6935007918443,632
-9.02227337359238,42.6743152954688,811
-8.9958335185542,42.666102673718,656
-9.00824021112734,42.6418388356234,1018
-9.03620141560785,42.6166236738802,861
-8.93698860867364,42.7511701505037,2061
-8.95410228836099,42.7179797581611,704
-8.81425439272407,42.6528216087074,2163
-8.81632162497031,42.6471832251661,1258
-8.80552047721412,42.6560412487387,1365
-8.75802501437766,42.6738307287921,602
-8.78015879387249,42.651243799573,945
-8.80817863909244,42.6741187013223,1228
-8.82825625784979,42.6860609260597,1359
-8.80748307072361,42.6979164478569,1132
-8.77974698104405,42.7086815569023,952
-8.98763415518565,42.567552609308,2151
-8.99882541059165,42.555304480791,1610
-8.99282786431281,42.5576084165129,2135
-8.99500333813041,42.5517186284221,1802
-8.9925724877713,42.5511878089074,1835
-8.98827899800956,42.5508879051792,1168
-8.99067508574533,42.5434042142672,788
-8.99267701230756,42.5723704699229,684
-9.00000541375526,42.5614458445609,968
-8.99888097747963,42.5517836225888,1549
-8.99983767200448,42.5345638161711,1122
-9.02623938115859,42.5364805383794,1110
-9.01803102550024,42.5547439612891,874
-9.01193360255589,42.5258210551758,1355
-9.01977689730326,42.5017532234691,1521
-8.9633049965736,42.579056169103,643
-8.95774227199843,42.5837593779466,1097
-8.97313087644281,42.5842875890206,832
-9.03700090431471,42.5886514149308,1161
-9.07178139876011,42.5836429311941,729
-8.69758608690992,42.7655774160921,1136
-8.66984336558346,42.7915247923196,1278
-8.72981666312668,42.8185239181232,991
-8.74967990438228,42.7769229998203,1088
-8.25663954284718,43.3522755336819,1877
-8.25730668863739,43.3493496839486,1780
-8.26185347038178,43.3504557978689,2364
-8.25313460863759,43.3467276497931,1658
-8.25272461349478,43.3577172200641,1335
-8.24929289189479,43.3471094333506,1718
-8.29269173364101,43.3560006076217,2329
-8.28641053612024,43.3315665707484,1796
-8.28186958973532,43.3742430826135,1525
-8.06023323367823,43.5447988066092,1290
-8.07017914230141,43.5760728210491,573
-8.03250659609275,43.5005613389625,949
-8.79314223080702,43.0231174233697,2454
-8.82289632846951,43.0271343575397,1239
-8.78190154131082,43.0833213609133,1073
-8.78147404633663,43.038482079703,725
-8.7289352942516,43.0489508725757,1053
-8.86789449141681,42.9794061083384,784
-8.87342007846005,43.032508918009,1353
-8.84600459085006,43.0836131098985,678
-8.54334198513165,42.8808238822817,612
-8.55083964160072,42.8822096172262,1767
-8.54898431510146,42.8903570915872,963
-8.55313683840222,42.878949448404,796
-8.58172622094596,42.8971045535141,1412
-8.59056937045507,42.8656853374932,1357
-8.60939999533306,42.8873293119821,2033
-8.54315653292582,42.8822407618144,789
-8.54461958626806,42.8857422589046,1335
-8.53995955537055,42.8874033191611,814
-8.535732749042,42.888463444346,762
-8.53600249254053,42.8906806131889,635
-8.55811676130506,42.9111914181157,2136
-8.52153971742607,42.9013248840437,2237
-8.54545704807919,42.8925170957285,1905
-8.54184065481885,42.8918442070768,931
-8.54089662355463,42.8893587210104,716
-8.5367492474321,42.8926298497369,981
-8.52571797789174,42.9219265147915,1115
-8.53192916494048,42.897658713238,1291
-8.53899093631776,42.8828797545676,715
-8.53619940282956,42.8848587916399,1268
-8.53958629786711,42.88467341903,960
-8.53406794313478,42.8865682161434,1046
-8.51579680393946,42.8870170436497,2121
-8.51400077791833,42.893301190844,746
-8.48242812367867,42.8884052919074,1148
-8.49645672890462,42.8647989727397,1345
-8.52867134095144,42.8911210026198,2023
-8.54026983625994,42.877226841006,1242
-8.53790537503625,42.8802178242006,1180
-8.54247244893319,42.8760044895843,901
-8.53690543225239,42.8702690794464,1716
-8.53609680870954,42.8770329034054,1595
-8.53419684870937,42.8809718148843,1416
-8.54619728030148,42.8677498500406,2231
-8.5422049086221,42.8662247983477,1610
-8.52628118804186,42.8672393829746,1140
-8.49642425877648,42.838679772113,1079
-8.52273358397123,42.8486484927947,1009
-8.54086381327872,42.8611829334544,2322
-8.51891217644544,42.8803111850912,770
-8.53000452079434,42.886198423494,1909
-8.52447556527731,42.8860162418411,1661
-8.53163057932098,42.8829381777841,1223
-8.52783245218798,42.8821865603054,1773
-8.52627883470101,42.8841468487271,1530
-8.53153570355029,42.8801096743451,1305
-8.54630013589022,42.879116369772,876
-8.55063334301967,42.8740648482961,1681
-8.54533535262527,42.8762434191278,843
-8.54476765660303,42.8746917148206,1145
-8.5462185061271,42.872204320589,1009
-8.54172205923768,42.8737065640557,1220
-8.54748138554924,42.8754985087232,1592
-8.54769268151355,42.8738192679221,1211
-8.54891445375469,42.8717497202296,1309
-8.55716774734121,42.8753014839007,1120
-8.55478355681444,42.8703752399305,2002
-8.5582909905183,42.8715353559294,1621
-8.55773928070227,42.8655117854601,2165
-8.55235294199462,42.8673831453175,1445
-8.56071915517357,42.8539866185216,1572
-8.57397839742946,42.8588159524339,886
-8.54997165082897,42.8729319888315,1324
-8.54914713598618,42.8707330881956,1029
-8.54264657791039,42.8543238657838,2535
-8.57196955759879,42.8718882387936,916
-8.54740218469749,42.8707858989512,693
-8.56309361657257,42.8690566494664,1967
-8.46465991302913,42.922119075541,858
-8.43839285881701,42.9548287306549,850
-8.49687858946074,42.9583990657723,757
-8.58140935686231,42.9506931439956,685
-8.43915498164969,42.8988222842573,976
-8.11277324251779,42.8713677278533,670
-8.03441522759999,42.8655921368955,859
-8.03660482258403,43.0241664351544,877
-7.97801150696206,43.0727569387298,901
-7.92068071362771,43.5248941265043,1076
-8.54500277857857,42.8142054808554,1416
-8.55710084152109,42.8215884677455,1716
-8.57561324100322,42.8291038257935,1141
-8.59255761486608,42.8190626977376,2284
-8.61304087206173,42.8151642062835,1368
-8.53732572176977,42.8428192366561,1993
-8.5517840954394,42.8412436875053,1029
-8.53428367657545,42.8257724081972,1029
-8.54737828401861,42.8344639981394,1417
-8.59654203376149,42.7900348668136,1285
-8.56327680514987,42.771949071209,1418
-8.51884832595026,42.7707253832137,679
-8.53395769241953,42.7928005665484,2003
-7.95488761559978,42.9696769314587,1101
-8.56696751103313,43.1024096438975,1042
-8.62968788641695,43.0988810371044,781
-8.51478324396921,43.0940078178772,870
-8.50621999803004,43.0491937495845,535
-8.31615266974016,42.8550057597501,1458
-8.25611436755796,42.8688468919859,1056
-8.37500997844962,42.846833306201,981
-8.51775996435199,43.0249180718326,684
-8.50280732142427,42.9885552975249,1110
-8.57092702016059,42.9903010955485,615
-8.58736340640493,43.040313602561,650
-8.13179651938003,43.5980629599301,2385
-8.16048212069854,43.5908601000009,1131
-8.19385586402626,43.5902982020988,1373
-8.17214291954689,43.5650928108,687
-8.08117832474611,43.6183166256993,1296
-8.63946489163619,43.0258314980938,1701
-8.65917624927364,43.0589816632103,899
-8.6574587325129,42.9895649081683,1216
-8.5011792909443,42.8078528361678,1507
-8.48390793952864,42.7700259595012,1296
-8.42506057201903,42.780006769272,1353
-8.4494445557794,42.7629460518225,876
-8.12881311892879,43.0777919863792,570
-8.07051769020459,43.0666156704445,649
-8.12371888443862,43.3565398063905,1219
-9.03604657710986,43.1101205818001,1936
-9.05611036644537,43.0695156589684,796
-9.01100226222857,43.0393041562841,935
-8.98545133585378,43.1161615308752,1385
-9.10635563147471,43.1094172726704,961
-9.06548885886332,43.1440830455673,912
-8.92789581629673,43.0882251743664,1137
-8.93879966002678,43.0329760694477,932
-8.90152801579772,43.1371262060348,1122
-8.96794293980044,43.1617084576502,1193
-7.87847513621067,43.7569887750751,1264
-7.89540378156373,43.7484076356164,1351
-7.90696964681721,43.7174635336489,1148
-8.18411954437318,43.2240010229355,1008
-8.21144478694625,43.2310254035308,1160
-8.13100970138203,43.1894318778784,1080
-8.21669547856084,43.1628428918685,1922
-7.50859301446655,43.3619842841868,738
-7.48907360086141,43.4121080277389,589
-7.48379909729932,43.306705111715,970
-7.41378843713634,43.5374139655242,716
-7.43742456980609,43.4963620553707,894
-7.89012917664347,42.7837076125819,660
-7.8687820132505,42.7501637641467,593
-7.93125906675244,42.7915752826581,682
-7.2147948028066,43.0426130343281,1190
-7.23028066276333,43.5466294845953,1475
-7.19042198994998,43.537255032766,845
-7.2443310562,43.5003414899761,681
-7.16295327775346,42.8504168001683,1458
-7.147791945873,42.8476279520877,721
-7.13851248476024,42.914924659336,647
-7.70598869989598,43.1667600305508,1221
-7.64118155009811,43.1735990048702,1026
-7.72847021330213,43.1348547416071,729
-7.49298745167097,42.6161906671531,762
-7.49783603567413,42.6580543723321,645
-7.81752436283584,42.5271743073236,826
-7.88084374178575,42.5487487332094,677
-7.75207047269293,42.5030540050263,620
-7.41516085345556,43.1431305098146,784
-7.41996933185151,43.2403044843046,712
-7.47500453968269,43.1415710740644,2124
-7.51777708197863,43.1742843609657,728
-7.39439933802679,43.2093849793677,762
-7.32070630416283,43.061201490364,900
-7.30537423146697,42.9787555687634,954
-7.38549412193937,43.0355920344134,755
-6.96679277626488,42.8614050489005,751
-6.96654786672325,42.7886121727458,537
-7.43438529225471,43.6932162866952,1648
-7.45313990940431,43.6883661255523,638
-7.42949804867773,43.6386420013862,1906
-7.42642030049114,42.9547557457721,832
-7.47537991441467,42.8932267816843,973
-7.36908541458113,42.9356193324124,754
-7.4694939555135,42.9493314572291,881
-7.5603149060325,43.2380956026503,1256
-7.59344193829395,43.1985085442067,971
-7.49745407482682,43.2187547762022,1356
-7.44784501969952,43.2532151021439,791
-7.78525325828154,42.6114427838732,1181
-7.76898374812188,42.6158599553774,972
-7.75984846581767,42.6086670271863,2342
-7.74889312899031,42.5737774714246,1232
-7.75901214406423,42.6350407510639,915
-7.84490530631913,42.6547750896104,630
-7.84962934615104,42.6011626416562,862
-7.17485864522417,42.6126469809207,989
-7.02577518398973,43.1190361420215,1911
-7.10006741439088,43.2166795475324,779
-7.13029853351889,43.0696424071541,638
-7.26716630232314,43.5642763831586,2424
-7.25996451344721,43.5754733138698,2001
-7.28645634298537,43.5399485125913,650
-7.33337542883996,43.5605058459443,980
-7.31498745982819,43.5959906715636,1122
-7.36162261182721,43.6161543557456,961
-7.25600198452515,43.5689795835397,1940
-7.76167141403038,43.0141337003219,1970
-7.87500612903,43.0155176123594,603
-7.83652654793865,43.0830616997489,1109
-7.79562841353545,43.3738873054283,1768
-7.78537081108996,43.2065224468616,793
-7.86615337500378,43.2353888967758,624
-7.81902633057077,43.1493753987316,845
-7.87369300594821,43.2842157328615,576
-7.88874766238147,43.1805492369564,1915
-7.91355153105473,43.1678480362486,702
-7.72444822231795,42.9145545838311,800
-7.66343949130325,42.9243976984679,606
-7.59960590792793,42.8784507043889,1232
-7.32848179329692,42.6677533104323,915
-7.44073905494496,42.6784773952089,606
-7.5019439405729,43.6926089664482,1820
-7.50608141761617,43.6408684755195,851
-7.53150125275921,43.7101077982794,689
-7.36355466849046,42.8731607425786,895
-7.41946460148082,42.8573468905339,1027
-7.28486516486005,42.8156736086617,629
-7.30011966799997,43.486795827704,1187
-7.27212782200641,43.4323296577582,942
-7.55581422002952,43.0103341687307,1281
-7.55794545781682,43.0128592710447,955
-7.56056803917897,43.0113775918129,706
-7.55731760391785,43.0076885135666,825
-7.56031412746533,43.0053795499578,1040
-7.55585070350137,43.003325131462,833
-7.5523920576509,43.0041672504294,680
-7.54834473837152,43.0096743461622,1711
-7.55042015746709,43.0079453005835,1814
-7.54584138468124,43.0006974103455,2422
-7.55265984071164,43.0021233941247,776
-7.56270995684592,43.0066957002466,1059
-7.55406433384208,43.0076241832124,1415
-7.55212707672039,43.0063934364027,1008
-7.54543192399529,43.004851747356,1637
-7.55448669831456,42.9933601026716,1325
-7.5506944696751,43.0104658132987,1553
-7.54693871189748,42.9931081894395,2301
-7.53088681253366,42.9944580917869,614
-7.54811785233437,43.0036575331041,2321
-7.55032064120827,43.012699058806,1550
-7.55627314092238,42.9995538197266,1588
-7.55238101112841,42.9969037399189,1449
-7.55949679387551,42.9980040000963,1176
-7.55179440149487,43.0184540874367,958
-7.55274896608441,43.0129667578747,2051
-7.5543279903019,43.0150172850861,1508
-7.55840134002632,43.0186025155255,1163
-7.55465627178673,43.0349998448845,1173
-7.55923699706835,43.0173449166132,769
-7.5367876878861,43.0156381521674,1440
-7.54562079715303,43.0286718652271,1067
-7.55776416093503,43.0157247181156,1203
-7.55703234550019,43.0186141962921,681
-7.55457414384944,43.0215486157481,961
-7.56016130017635,43.0153620886657,702
-7.56194023724055,43.0172362359991,1088
-7.56502212866726,43.020622011097,1996
-7.56031789541427,43.0213454130115,1419
-7.56751256867322,43.035077565482,2152
-7.56751068538801,43.0229751038647,2014
-7.56495820872948,43.0190332521935,923
-7.56169028111662,43.0246616455878,1452
-7.5702747691257,43.0274385467317,1512
-7.560937505186,43.0193193608901,1309
-7.56532247793702,43.0266660974031,1942
-7.57097657319952,43.0241019556043,1092
-7.57250848767614,43.0289126112791,1356
-7.56912642833947,43.0252011252303,1362
-7.56381148449333,43.0132555904904,1229
-7.565187360396,43.0153898050224,1252
-7.58257451440714,43.0213495051833,1993
-7.56880167789904,43.0149112344044,1510
-7.57897751348187,43.0121948800817,2057
-7.57161456944454,43.0053076925542,848
-7.57998258115392,42.9962253040135,1258
-7.56241558560152,43.0147829139978,831
-7.56645388141394,43.014212168145,664
-7.56455096222184,43.0168531233945,715
-7.5660804619288,43.0177237268027,1367
-7.56860236118302,43.0120230550206,1709
-7.57363484582414,43.0153142096605,1107
-7.56404049182505,43.0103748573837,1638
-7.57003470148981,43.0198521050281,1132
-7.57104906519861,43.0144607316232,1327
-7.56865171588286,43.0087278283065,1919
-7.56855472095406,43.017871675472,1771
-7.65735662151897,42.9995659994889,1324
-7.58636971790049,42.9387916581113,1284
-7.54636051263928,42.9599550585425,971
-7.46741636193977,43.0133616813462,784
-7.49903867667811,42.9682184221624,1296
-7.58046817791393,43.0534594315182,1121
-7.48942399148573,43.0560893356991,1174
-7.2605609673925,43.2225216552281,1731
-7.4085050602945,43.4297178789133,1023
-7.34629297665442,43.40433217681,1689
-7.36806829554157,43.47510731711,768
-7.51033977388885,42.5245688504886,865
-7.52122923638314,42.513764039404,1447
-7.51154445839123,42.5216409328214,1109
-7.5279771501157,42.52380574782,2180
-7.51971451599478,42.5326922703303,1640
-7.50867030456726,42.5113357095588,1744
-7.53970601158418,42.5239127127756,1240
-7.50547786967558,42.5362846372832,986
-7.51026727984659,42.5197358039537,1452
-7.50656841567934,42.5276882277612,1405
-7.48830521896415,42.5222828346047,1886
-7.54962410138772,42.5115117663568,686
-7.51868030226051,42.5656510111214,799
-7.45385597171464,42.4806999735516,803
-7.83496790327331,42.7898898739131,2023
-7.80102084771541,42.7770705098598,700
-7.80216145637385,42.842093622561,839
-7.66476150822395,43.481043887485,611
-6.96500511629626,42.9577139079384,1041
-6.89054976608884,43.126045317311,223
-7.10139294390769,42.7751011664526,1018
-7.64244132293856,43.5605132483822,984
-7.59275939545099,43.0950055522054,1870
-7.52815665080333,43.1030198744868,692
-7.57366946385543,43.1366620653207,775
-7.67057841165579,43.088186825858,760
-7.61225848628053,43.0655469949473,1119
-7.85633103458746,42.8612377232107,1271
-7.81527491624316,42.9017174104388,637
-7.93033110260734,42.8644855674513,824
-7.86692535677511,42.9424760613604,584
-7.64453913444226,42.478549585487,1513
-7.65189123573364,42.5362350956949,916
-7.55381633630081,42.768211256895,885
-7.58985920930428,42.7291804917399,838
-7.50370146705102,42.8487141233414,752
-7.55132192590137,42.816575597651,595
-7.33728140454736,43.3170753113436,1200
-7.40159536189194,43.3209044130779,877
-7.31848407123094,43.2502304356112,841
-7.08366748999783,42.6924283052374,943
-7.29159499948739,43.141861763944,738
-7.36041880425019,43.1405283798572,896
-7.33404821470833,42.5725078582881,736
-7.39774009053977,42.5562500914394,879
-7.22029013868925,43.3409414766303,1556
-7.1578619191208,43.3136694719481,651
-7.68312874673075,42.817100996773,1382
-7.26082184566974,42.4715506152595,1769
-7.19187129294876,42.4913740625811,1382
-7.04257507249141,43.5317689175273,2140
-7.03713183539575,43.5379213036516,2478
-7.04806898172149,43.5388913793949,2282
-7.06711436195953,43.5239891240923,1049
-7.13726619992751,43.5347384647175,1029
-7.1246016480859,43.4924371600433,893
-7.29440075357965,42.435133959096,946
-7.19609271588704,43.1912832024725,513
-7.26478328153458,43.3248578419796,1213
-7.27703962975185,42.7121205215408,1222
-7.6223760086734,43.1248449788594,1524
-7.4196832226329,42.7704615659093,2053
-7.41672862757165,42.7816183003122,1884
-7.41232934467851,42.7849613429576,1237
-7.40601810775114,42.7725867969898,1385
-7.4312143532663,42.7963200463762,866
-7.39507484341587,42.7767295342566,1450
-7.40907004602644,42.7827063550715,1314
-7.42906582510318,42.731072266741,1014
-7.47737586448814,42.7777962778788,1030
-7.36657367367241,42.8000115050571,1024
-7.64817568484785,42.5831686831852,1574
-7.68619409592163,42.6136054085981,881
-7.63315680122891,42.6647448541452,1134
-7.55596485724228,42.4657166006996,907
-7.53281104039784,42.4156722312774,669
-7.61545461520266,42.4410585521219,667
-7.78351566269806,42.711900394967,956
-7.7280104896732,42.7425519870409,719
-7.79684446373598,42.6869092728805,1014
-7.17876982357406,43.4402584145229,1114
-7.21677600236209,42.7617143624995,627
-7.50524766950196,43.5112960503656,1354
-7.45142256971182,43.5715268517903,606
-7.6711303943889,43.7202652346022,974
-7.67156248778627,43.6658240843363,683
-7.6728914448434,43.2987680065888,1663
-7.68487123854539,43.2980650742021,1196
-7.68325203481721,43.2908258087809,1698
-7.64559487371975,43.3370360842975,1148
-7.67996918944961,43.2941715593005,1932
-7.6759516030468,43.3037263974697,1204
-7.73966392111113,43.2537984361202,1143
-7.64404532582825,43.2483259812169,782
-7.61783569855777,43.3882317162316,892
-7.73920096165609,43.3306401231522,996
-7.55010903483329,43.2937867156671,640
-7.59910884263062,43.2901090500864,712
-7.597623214121,43.6589823935509,1727
-7.59486008237564,43.6614395229489,767
-7.59390932865145,43.6658862594148,2364
-7.57710565360526,43.6611479535567,1873
-7.60335314862457,43.6665157882532,2121
-7.61170818237983,43.6717415063653,1458
-7.63024495704496,43.6748830579145,982
-7.57747121433219,43.6884613921341,1690
-7.56021511456693,43.6053637926,860
-7.61168108840145,43.6339472821604,1470
-7.26354187960757,42.8745313765622,1621
-7.24330588827204,42.9338382933629,824
-7.3629099411826,43.6486364810462,1827
-7.3513418914978,43.6529946996975,1134
-7.37378470193678,43.6624469348749,1645
-7.36468661522068,43.670371871733,1908
-7.3596578633898,43.656080643771,830
-7.3593150852971,43.6625203795485,2084
-7.78326364001225,42.2090718738119,998
-7.82207089085925,42.1760382715948,1131
-7.93076367165773,42.4116846892656,1447
-7.9631731091116,42.3838723499978,886
-8.13248544102636,42.2512320714214,952
-8.27318919401695,42.3882997453653,1738
-7.73803704017873,41.935268010075,919
-7.97115765657934,42.0315388586692,1490
-7.67889437803568,42.226054743334,1483
-7.87715464584082,42.3166637338694,2388
-7.90635808092612,42.3311355785349,1796
-7.88344682854347,42.3203682528764,1576
-7.88720027912382,42.301963816595,2247
-7.89115838101212,42.314348635198,1989
-7.91797292611014,42.2764386845461,1026
-6.98738837533363,42.4156403808206,1739
-6.97608039092696,42.4243685922834,1023
-6.9379730045055,42.4273874412086,874
-6.98844217578336,42.4540246349643,785
-7.00143216420115,42.4167210286437,1937
-6.97595618606669,42.4175004811581,1470
-6.98475178524546,42.4167729443385,1881
-6.99193142709454,42.4154083776297,889
-6.98588958256811,42.4226904231764,1631
-6.98811636428287,42.3888097633699,1155
-8.13347551596499,42.3252128763725,379
-8.28000157589458,42.4802367900121,971
-7.75872290785061,41.9806649225544,745
-8.14091597636155,42.4251530971155,991
-8.20344762209814,42.4322458569069,630
-8.17999051935857,42.4686667915187,585
-7.89790860376813,42.145171533415,1075
-7.10735820270586,42.2966186185436,828
-7.85677586982458,41.9346794579724,717
-6.83457621016726,42.3332992590711,634
-6.89816586456721,42.4021511496344,826
-8.18967523246644,42.3288554624541,1249
-8.0805490533244,42.4339218179867,1573
-8.08759089162261,42.4260989209406,1965
-8.073430592087,42.4200415668351,1372
-8.06475139658995,42.4361178447543,1703
-8.07633704286965,42.4286303033608,2115
-8.07970063688187,42.4315223683048,1242
-8.07406220602179,42.4321110045216,1487
-8.05247476932583,42.4696193015694,930
-8.09310433411446,42.4450534716811,636
-8.10270090375543,42.405101275256,888
-8.06234842229001,42.2580641386291,721
-8.01341283434365,42.2399411173377,1137
-7.98269063483777,42.2117827590723,712
-7.35838425247443,42.0391340627287,979
-8.03837168070632,42.3015908975948,750
-8.09234132001701,42.2868108431728,571
-7.40444104138176,42.3743676173145,1182
-7.95555748055222,42.1572805917566,2078
-7.97476283872109,42.1415393191161,1723
-7.93700639109565,42.1706762740714,1109
-8.00562123663532,42.1543064549958,742
-8.07756264177053,42.3394823316115,1094
-7.83489718046533,42.4236040816722,1027
-7.82207303138306,42.3895368025896,662
-7.85402255425011,42.3999625527066,1436
-8.14971164763025,42.2077271193028,1061
-7.59490571477307,41.9623536517186,1639
-7.37593175296699,42.2506778439529,482
-8.13978170809217,41.9428695985389,1128
-7.69699966515991,42.3333944590409,1109
-7.72090821836664,42.07484718946,1973
-7.74102157976937,42.0661457373365,1867
-7.67280698285642,42.0865612435261,779
-7.76288699152434,42.033491583349,899
-7.67503135329794,42.0035168318605,744
-7.71688277632157,42.0527349565258,1813
-7.70977878096839,42.0632895672815,1546
-8.09871330339312,42.1888895718349,693
-7.16814147984308,42.0388668893306,1232
-8.1391696191911,42.5333187886399,787
-8.14330907368121,42.4955457573381,614
-7.74066819545056,42.2138302873636,713
-7.70598179710562,42.1642500742938,653
-7.63672317869125,42.3215537313522,738
-7.16630052580838,42.3541967351808,427
-7.45434494345666,42.0998063027015,1222
-8.1568382439564,42.3731995169743,1510
-8.04736005462235,42.0013122913357,769
-8.08721852733041,41.8754628003267,1672
-7.66541822976716,42.2799223583851,2163
-7.57664174535629,42.2482535766101,686
-7.22073864546519,42.2699677046432,846
-8.04881073547696,42.4238271095474,740
-8.03408582888319,42.4044806145113,1155
-8.00178692502988,42.4260788202764,823
-8.22232702309241,42.2745724471395,1135
-7.88552463245026,42.2060167396848,1183
-7.93361391986893,42.2397522457329,756
-7.03400400143457,42.0068694870431,1006
-7.50398550198261,42.2813191465869,705
-7.49445192571504,41.9681589063914,1647
-7.5637437314415,41.9156890844414,854
-7.96173442463002,41.9335375226168,1447
-7.73056280206027,42.3740709736772,730
-7.69948118913442,42.4048476393613,1337
-7.52208283448059,41.8702227300731,1713
-7.86676241911104,42.3414981076672,862
-7.86485368175463,42.3409934311609,782
-7.86341395186176,42.3408338134251,1145
-7.86149490538682,42.3404018690869,1437
-7.8608677135597,42.3433338984802,1559
-7.85898632205369,42.3421962963334,755
-7.86306227601046,42.3455788976079,1621
-7.86604876044177,42.344058198816,1517
-7.85941366436633,42.3469339523676,1085
-7.85468807880662,42.3434340918346,1951
-7.83583818460888,42.3424001511122,1568
-7.83960396409511,42.3588591513285,1271
-7.8562875594943,42.348237364202,863
-7.8575080566428,42.3427866371962,860
-7.86581758472387,42.3423680814223,699
-7.85986088000094,42.3415569213659,749
-7.86247849709079,42.3348045109045,1310
-7.86013138873974,42.3367409545451,773
-7.85951363563315,42.3391108927513,2025
-7.85511897103228,42.3406547360606,1905
-7.83959455912384,42.3364376114727,1898
-7.8345207938209,42.3298075241649,1717
-7.85994512805349,42.3332787165662,1675
-7.85869662155277,42.3301072408748,805
-7.83290386711861,42.3155844190923,1379
-7.85414064383653,42.328579512236,2173
-7.8489536026933,42.3274812424726,1163
-7.86989090958234,42.3428290091979,1950
-7.86758591795855,42.336942198108,1164
-7.86825012240438,42.3322168813105,1659
-7.86957511963193,42.336692724206,2079
-7.8705647202915,42.3407188959218,1137
-7.87393047470384,42.3438855067071,814
-7.8760014732334,42.3405283142573,810
-7.87612631348938,42.3360422608995,2181
-7.88062790978258,42.3292053082734,1295
-7.8795846394967,42.3443267716047,1949
-7.89252196026358,42.3460587206704,659
-7.86678801948809,42.3382045550722,863
-7.87266291857389,42.3391931073012,1915
-7.87245154435876,42.3415690413836,1819
-7.87499718729744,42.3425207401938,1236
-7.87584158058265,42.3277716051317,861
-7.86528430387792,42.3332411174392,1525
-7.86334752254105,42.3318331015882,1222
-7.86288015523746,42.328077409734,848
-7.86109644629481,42.3288481408551,1915
-7.85801688789866,42.325647255124,1279
-7.86122505731409,42.3224608631282,1110
-7.85221605624492,42.3014035031874,900
-7.86520587736827,42.328227488824,1766
-7.86416268672379,42.31904161156,1252
-7.87003737828429,42.3231158731127,661
-7.85627533209723,42.3218838807172,990
-7.85912085717399,42.3165038077059,1710
-7.86377567335593,42.3295304914792,750
-7.86665736061005,42.3470902471502,1770
-7.87182449319338,42.3463913695366,1075
-7.87332681524092,42.3484638167511,1974
-7.87085338950846,42.349923502914,1496
-7.87688921014571,42.3509867468115,2223
-7.87324628165041,42.3602709680779,1338
-7.86918676774007,42.3542938093617,1194
-7.86638879300263,42.3532715230028,1177
-7.86359038231267,42.3523130353704,1495
-7.86769544756913,42.3590186126254,1214
-7.85928112560568,42.3677702889628,899
-7.91312281533648,42.3751745236049,1155
-7.90783019877218,42.3583287780289,1295
-7.87075173521143,42.3514898684038,1096
-7.96972767381051,42.3470872677991,943
-7.8576068384605,42.3535318689074,653
-7.8632056903271,42.3581941591592,1845
-7.88223145204592,42.3519109802255,1295
-7.86970831497978,42.3524521086725,1245
-7.86479601675476,42.354201606955,1482
-7.74633438191399,42.2774424811862,1373
-8.14225969820883,42.1163476951003,719
-8.17684317863175,42.1235569045607,934
-7.56237016422323,42.3627034360396,544
-7.74776602899745,42.352633572781,1109
-7.80045841441142,42.3758454540291,1106
-7.80066505819577,42.3428966241314,1857
-7.78018532068887,42.3096374114767,1554
-7.75922547493429,42.3322868474847,844
-7.8293553462014,42.4628847054364,676
-7.78096327812962,42.4497953060798,1150
-7.09805323251305,42.3671404485833,879
-8.01198313110362,42.5229357338761,1162
-7.84431196050731,42.0185475027748,827
-7.26020727638491,42.3387848482028,1229
-7.27974144900536,42.3247287768369,786
-8.13979347438608,42.1686483285125,491
-8.01126233672529,42.3707510720509,704
-8.09109192287561,42.1239099231405,614
-7.8551009424041,42.090939867483,1223
-8.01405599030941,42.1763077419856,724
-8.05682971932285,42.1877758983532,783
-8.14294771804219,42.2877340293896,590
-8.14025934071568,42.2976056573284,1381
-8.16975082655948,42.2602880311262,627
-8.14978669341643,42.2916261410791,1276
-8.10972613582875,42.3088250970937,1131
-7.31378683025267,42.3859634209136,505
-7.27515557815395,41.9730977098994,1459
-7.11108667074068,42.3890241500311,1137
-7.112166615472,42.4210783200689,834
-7.1393999627812,42.4103693959595,578
-7.09728784395979,42.4173777100736,653
-7.13325356154037,42.3891581085543,1043
-6.89596313525605,42.4681064420658,1390
-8.06284783586521,42.3710997464992,1048
-7.86547466839143,42.286882850701,1929
-7.83286188801837,42.2857703815983,1348
-7.8129462471168,42.2905028687335,1229
-7.88275828302345,42.2624936192557,1003
-7.94655054064136,42.5218194567572,1216
-7.9744015518078,42.4577028175415,856
-7.7475881604619,42.1120568063556,1181
-7.60360263782962,42.1068965640862,1114
-7.81489495448763,42.2475560267122,700
-7.84147916413761,42.2489663635138,752
-7.47718077277451,42.3703102317181,336
-7.96573672062436,42.3030363224571,815
-7.98984442692733,42.3223560355131,591
-7.93857089908863,42.2928212423686,968
-7.62355354474412,42.0281973878015,1261
-6.95914894511234,42.2651586656392,886
-7.99172695290395,42.0948860123498,914
-7.43785918669892,41.9460987282253,1565
-7.44557456525095,41.9334831240141,1290
-7.45986858176924,41.9391293369171,950
-7.4056565812876,41.9572930233518,2025
-7.4163606945779,41.8747403981256,1472
-7.42530241763757,41.9447868867798,1381
-7.43655593144931,41.9304285620995,1743
-7.42424129703252,41.9393968434322,1720
-7.42982495407314,41.9327519923934,1498
-7.08285707622021,42.2017532427376,1798
-7.07928958554093,42.1441039156534,989
-7.88807695921013,42.4809017952257,936
-7.89747028145708,42.4359920937111,946
-7.07240795258019,42.4312399175014,1237
-7.03614485222109,42.4650060921634,600
-7.59974599585512,42.1804408040412,704
-7.51891100201422,42.1637066579697,554
-7.80361753898529,42.0965564185559,791
-7.35442259083765,41.9195956838824,751
-7.27143731972284,41.8912420295695,1030
-7.2667175392581,42.151244980778,513
-8.31860241910461,42.1219252470585,1047
-8.34587380205855,42.1108373033492,818
-8.29455096262772,42.1367615040867,734
-8.63998430024455,42.5498054593175,807
-8.62258032111805,42.5284212910483,1065
-8.64935057744887,42.5170664862091,999
-8.67471515468958,42.5027133973217,751
-8.84863064760013,42.1185370064445,949
-8.85530700895039,42.1156350122181,2002
-8.87665989971885,42.0993393890171,1101
-8.85351565006347,42.1222017368097,1864
-8.84943520837834,42.0946928405675,1780
-8.82144848049317,42.0741797442632,1201
-8.81846233087504,42.10937929191,1751
-8.83005469630325,42.100756864976,1638
-8.78634779746711,42.3232428717527,1739
-8.79203384780885,42.3185493306402,827
-8.78225759643893,42.3170732432393,706
-8.77416827199719,42.3237691203264,1253
-8.7854012663486,42.327067215326,2228
-8.77522893030699,42.3057107319204,648
-8.75412234458842,42.3265181212472,1811
-8.88259217260079,42.3568204245807,1393
-8.81120257021328,42.3168634050607,1382
-8.64138924850204,42.6032462276292,2159
-8.63378804696148,42.5841456650454,799
-8.69731135313116,42.59904278767,1383
-8.64818791300357,42.6045918929248,2507
-8.62475627476014,42.6106315249675,652
-8.62445593189882,42.6418223204851,777
-8.64899053975638,42.6519888246592,726
-8.6653157325226,42.6241276490968,785
-8.81451393404333,42.5048821296218,1090
-8.81360181655078,42.4789853187751,1971
-8.80943783503282,42.512962802076,1888
-8.78993707744183,42.5121619884954,1559
-8.77679734296629,42.5274968059837,1049
-8.80990654167556,42.5081641252443,1438
-8.81524878096101,42.5192194612476,1408
-8.80869652630124,42.530296099028,2339
-8.8101372884862,42.519155730452,931
-8.50640792696045,42.5554237683456,630
-8.55656745150623,42.5246716170223,1139
-8.78506240037326,42.2655729232888,2306
-8.78626097978861,42.2628590517468,872
-8.78129121441545,42.2649549887598,1897
-8.78608696801438,42.2595534676521,1753
-8.77302790313436,42.2842961308543,1376
-8.77710964152884,42.270668759899,1189
-8.77025312830506,42.2654503229493,1663
-8.78904885449747,42.2819296232373,1326
-8.79431206265364,42.2601659884796,1854
-8.80437628931395,42.2627033862811,1275
-8.79112153081253,42.2680555963231,2251
-8.77494136994805,42.2672859267271,1748
-8.79275767100498,42.2518189190839,968
-8.76427877473676,42.2663946482431,851
-8.80806161887288,42.2814718716304,1151
-8.80545048136971,42.2954924258912,1276
-8.82760515984314,42.2702352115488,1657
-8.84890228393121,42.2736220334493,1295
-8.27023187396438,42.2167322441076,949
-8.27244205270048,42.2050706267068,2138
-8.27577177506935,42.2300199210225,601
-8.33093516843022,42.1777337556876,642
-8.27624627090997,42.1673674707691,785
-8.72035104064846,42.6494534288196,1916
-8.69474505066838,42.6669167813746,1400
-8.32188766324429,42.270069105694,1017
-8.38321625245664,42.2795333885966,558
-8.34746321327803,42.2667673609343,880
-8.24859916053983,42.1547010510891,598
-8.20200751843812,42.1929833540931,1363
-8.57316606681308,42.6319777390943,1583
-8.53236622746602,42.6194125525119,853
-8.54326913706529,42.6695327765676,919
-8.58946548451696,42.6562791202375,625
-8.5962169463405,42.617447226887,663
-8.04680903966041,42.5902234538096,1057
-8.48895386009721,42.6870862755266,1023
-8.49305417471993,42.690809335765,1287
-8.4960037040454,42.7013052689715,958
-8.4820672833186,42.6664346715043,1232
-8.49868575746473,42.6852739873373,1493
-8.49735611149862,42.6965144664951,1444
-8.50655814967924,42.6868564005133,1381
-8.48096701673326,42.6937968437304,1499
-8.48092960363016,42.687448086853,1345
-8.50525512596889,42.739064827563,876
-8.53696872381763,42.7124807376845,600
-8.57486943928817,42.7200219507304,888
-8.45449766343622,42.7261100377967,872
-8.41235157648272,42.7112635663493,862
-8.39688415524811,42.6844179510428,1304
-8.40679093070113,42.7375662351072,696
-8.37432307737956,42.752408823926,1268
-8.42122612341566,42.6164157643146,577
-8.47356054456312,42.6216778709317,656
-8.35633105745436,42.5847095363444,834
-8.33187306191297,42.6293976630381,1011
-8.30495376399051,42.5380066672186,1423
-8.39914100965182,42.3374567619668,948
-8.47798852844103,42.316686432557,646
-8.0061963836901,42.7497919556114,1053
-8.01701112319846,42.8150296005682,658
-8.09002660689108,42.8082746632402,517
-8.761748444032,42.1117740256269,2527
-8.77328120149277,42.0917042648631,1432
-8.78903546284215,42.0813961072748,1570
-8.80494844311866,42.0981639106192,1345
-8.7568301657362,42.0987240589201,1382
-8.70930699045265,42.1089498673041,1228
-8.73564415731009,42.0845565862044,1454
-8.72709501130154,42.1436353216468,2134
-8.75177075652699,42.1220007760783,1848
-8.86665623369371,42.4917924690192,1634
-8.86127821707996,42.491735724515,1863
-8.86829287972539,42.4963120480631,1265
-8.86319780471607,42.4793701648596,1804
-8.87078257759874,42.4928282085876,1038
-8.88028215859004,42.4872107678111,1964
-8.90631256618149,42.4659774265004,1131
-8.87191683888454,41.9011347221103,1359
-8.87355738535024,41.9036921061894,1391
-8.87323114719881,41.8915446334695,1341
-8.87611355940427,41.9080815444892,740
-8.86876556012926,41.9033400036293,1243
-8.84724047098969,41.9026657314777,1103
-8.8656816216099,41.9194293819953,1743
-8.85870276627652,41.8845632709203,1071
-8.10777398690342,42.6590297313181,1707
-8.10931920804641,42.6638210265947,2387
-8.05350408457518,42.6734954850405,1071
-8.15846557764198,42.6488803864248,1046
-8.11346808440079,42.6580801072229,1904
-8.11452310277964,42.6584584917449,2194
-8.1183738502654,42.6655482209772,2043
-8.11118215077359,42.6576940045861,2032
-8.09430042098265,42.626073389598,586
-8.13971255981753,42.6052404206468,592
-8.1949621647612,42.5850789620311,879
-8.18671987167551,42.7149005941974,1393
-8.14311377307838,42.7019256459586,1317
-8.08801542199551,42.7315906076959,1048
-8.42425718807091,42.3871436978758,1261
-8.38959017997879,42.448344546257,558
-8.36125151177398,42.400359638525,591
-8.703748279023,42.3922270499694,1399
-8.69909131122174,42.3928419973014,1606
-8.69312606631367,42.3959625883683,2068
-8.6902219661708,42.3947343261886,1137
-8.69465905235112,42.3904280670528,1718
-8.70226115861,42.3852753051523,1853
-8.70761311126922,42.3977513813403,1799
-8.69679606313011,42.3828326316372,1174
-8.71823114225647,42.3832400471651,942
-8.69987835199774,42.3870720242963,1133
-8.69813801454394,42.3883098211626,2010
-8.68144241752536,42.3791654515056,1507
-8.70542843172792,42.3702574550856,1640
-8.73289370547031,42.3684625858551,1670
-8.7040640004049,42.3499375415384,1076
-8.73456226132553,42.3426844080961,1516
-8.78219101052012,42.4550963537049,1176
-8.78255592791477,42.4755831315283,759
-8.77472954578647,42.4318346684611,1143
-8.81041090211415,42.4426107035223,977
-8.80791852529265,42.4535700607818,1259
-8.74517010983118,42.464831023074,752
-8.72946606000905,42.4920931381302,916
-8.71417606923529,42.516335219732,917
-8.70862671440805,42.5472661370771,918
-8.69239961108478,42.5107015907084,1293
-8.73782492548054,42.2792073142909,1075
-8.73807057016999,42.2858238323271,1310
-8.74046601353584,42.280956813099,629
-8.75339780591123,42.286799695051,1597
-8.73821230332786,42.2921514605684,2493
-8.74288425374642,42.3070875171682,957
-8.7232966481752,42.3167223769613,965
-8.73807184270043,42.2758130219525,1546
-8.75340087633903,42.2705316792186,1206
-8.74365910631261,42.2751829279137,1743
-8.7118828764901,42.2827615371265,1478
-8.70789479966233,42.2886007909387,961
-8.71587013303392,42.307064705202,1502
-8.69195062726878,42.2863917321546,1022
-8.68920340586208,42.3061135570106,1012
-8.42830231141215,42.2286432270812,1645
-8.48357199466332,42.254180921478,1292
-8.43706260958799,42.2701681416822,578
-8.41765435019263,42.2002852886389,879
-8.47131258200612,42.2218707856941,675
-8.60308268351445,42.5818724529875,1885
-8.56942085242001,42.5916741099651,1072
-8.58718956329224,42.5457755029084,1164
-8.59671753584934,42.1979061550903,1515
-8.58845406892844,42.2278206619321,1664
-8.63004321642314,42.1751270484297,1656
-8.64393252245257,42.1709543876667,1343
-8.66665860252913,42.1601737922708,1490
-8.62605703898642,42.2058276412432,2076
-8.61849208267168,42.2226010167093,872
-8.63176687324006,42.1875313776676,1294
-8.65263989505805,42.1941881943651,2220
-8.65672005795172,42.2055423899791,1060
-8.41135122355966,42.084526610393,836
-8.42926108139741,42.1022677652816,1110
-8.38223945567967,42.1221205087162,1069
-8.41074145965656,42.1483200943067,755
-8.81044135591629,42.141380474263,1879
-8.76457509681961,42.1551731396941,1875
-8.79468963065873,42.1416658626408,2257
-8.80788697665616,42.1280885734378,1858
-8.79214935242403,42.1178941430793,1169
-8.77767694737816,42.1300242402063,1157
-8.81455882075382,42.1204903050572,1909
-8.81935794091541,42.1440035762586,1757
-8.82802612668449,42.1524268515813,2055
-8.79752863873245,42.1599161737401,2089
-8.87398418221495,42.0005191586354,1085
-8.86625728707205,42.0582187269985,1245
-8.82675875421797,42.0048061134604,774
-8.56309723891627,42.2743555019344,1526
-8.51778866803119,42.2942020029908,1449
-8.64623631232423,42.4332235762481,968
-8.64900503773903,42.434521395735,2388
-8.65280730083263,42.4299997728789,1779
-8.64749853498973,42.4300293601398,1279
-8.64344435413118,42.4331572428702,1133
-8.64998076076455,42.4315013249956,1557
-8.65409911656367,42.4249653169624,2124
-8.63736418721787,42.4400762361726,1672
-8.64439311057096,42.4404744018695,1594
-8.64365288146732,42.4481491663099,1245
-8.64656433553061,42.4264772378269,1685
-8.64346379169147,42.4296340494466,1878
-8.64044451575518,42.4290815844023,1500
-8.64046736167738,42.4312698331149,1620
-8.63660817304855,42.4294894391161,1200
-8.63562730384927,42.4301611805076,1977
-8.63194305736498,42.429518710644,1457
-8.63953843267981,42.4265482122193,1877
-8.63972738569694,42.4327469278675,1111
-8.64481491444639,42.4275823262885,1131
-8.64399792403292,42.4242939404518,2157
-8.65049114677104,42.4199235371798,1411
-8.65990138913983,42.4181130272248,741
-8.63226291156071,42.4210277336108,2185
-8.63170761547702,42.427678401167,1763
-8.64145732440476,42.4261543148356,1381
-8.63628032237182,42.4282388555326,1316
-8.63394774003888,42.4358496249941,1638
-8.63853021413991,42.4294357224128,898
-8.6277310604611,42.4301147206684,2054
-8.63600792210148,42.4236756772688,1210
-8.62816070510008,42.4255069840718,2234
-8.64296781660656,42.4197830469432,2144
-8.63078805629616,42.4261718068616,1088
-8.63768777974201,42.4210630617695,1739
-8.63706058585936,42.4267223796157,1404
-8.64308456020218,42.4056941672564,1342
-8.65809000346222,42.3939973551501,740
-8.67584607535682,42.3953701643936,727
-8.68886316999768,42.4002106559227,1125
-8.6713539404902,42.4084906745307,1107
-8.62713756170789,42.436264651492,647
-8.60990672573564,42.4342466221294,865
-8.60715002273483,42.4464956658841,1080
-8.60580064527781,42.4071164899419,1093
-8.59416178842564,42.4195308928348,912
-8.58119801054853,42.4334598810319,715
-8.62611782768017,42.4038251030433,964
-8.62070765430398,42.4282250037504,1567
-8.61992827608555,42.450194521124,1012
-8.62433613873511,42.4472082313669,2144
-8.62713337908841,42.4442682378131,1650
-8.65188111844639,42.4821041683287,706
-8.65561519903947,42.4561358002207,723
-8.67095378225797,42.4755534775928,1096
-8.63797936872984,42.4805802636926,700
-8.63493262890221,42.4540034142237,885
-8.62358487727079,42.458808131487,801
-8.61379429554244,42.4918731696259,880
-8.59488085760065,42.4825503018277,801
-8.58278062183848,42.4658100419295,1022
-8.5981962705416,42.3667850114857,1272
-8.60950106670445,42.176303814809,1346
-8.62998494526395,42.1577857748104,1432
-8.64724404357197,42.1537490326807,893
-8.61435248688782,42.1578718878247,2598
-8.59820415490993,42.166391519045,2453
-8.63396248856894,42.150146917394,1644
-8.61336583189601,42.1033622996536,999
-8.60752030393163,42.1184941929519,1034
-8.60467072261659,42.1406946788429,2276
-8.67382327208211,42.1197392134669,1361
-8.64660542718191,42.1338812574968,1407
-8.65636217724076,42.573126028017,1283
-8.68621125480843,42.5725092976867,683
-8.68253760545283,42.5455450037173,894
-8.65938692829046,42.429417513578,1284
-8.70096053014083,42.457229374155,1787
-8.6756581765737,42.4481342659801,1779
-8.66772703877731,42.4361273965029,989
-8.68099167893506,42.4321050687663,1903
-8.65586598729761,42.4401605462293,2098
-8.66038039525723,42.4353270909778,1594
-8.67161775084668,42.4274166736928,1702
-8.71931647837876,42.4347679345196,1826
-8.74190032001468,42.4248994884386,1071
-8.75223674608741,42.4087641109359,1197
-8.50386664424131,42.1797359950129,2147
-8.50546386063053,42.1719668145507,1598
-8.47661729448313,42.1756294088537,757
-8.45637436174842,42.1763317358834,662
-8.43452217088153,42.1812670748523,585
-8.4915437543714,42.1810067175729,1780
-8.5123941465474,42.1785117040769,1457
-8.50310446897397,42.1699811610242,1413
-8.50943973835263,42.1706482829204,2312
-8.49713497406472,42.1732555782581,1641
-8.48967456447329,42.1574534293238,1045
-8.51363082667746,42.1336427169726,892
-8.53304681698655,42.1733365122589,1254
-8.56443890571842,42.1864011744783,1170
-8.54630819071775,42.1498791043641,1191
-8.54092662775368,42.2044629517917,860
-8.54083506639901,42.2339199801767,591
-8.50055458379487,42.2151360382338,1587
-8.50886490244546,42.3874219226674,1231
-8.48531466744696,42.3888076077517,1417
-8.51462946217317,42.3597176244436,985
-8.5623131332033,42.3839421520378,743
-8.5479269709781,42.4106846215279,1172
-8.630772191002,42.7133869402393,815
-8.65357360379142,42.7174580216141,2266
-8.60712904105785,42.287514299442,1754
-8.60723535739486,42.2842820882661,2428
-8.58513978786204,42.2800400605818,1429
-8.60891248144907,42.2773498753693,1391
-8.5897135221045,42.291450395776,809
-8.61335503302363,42.2810179127638,1937
-8.6259134903331,42.2725086767061,995
-8.65052825756204,42.2664202942505,971
-8.66462606334217,42.2713785597339,1073
-8.66717924860444,42.2577644191859,2020
-8.67404578202928,42.2644076042413,1993
-8.6601547807071,42.2621445720726,1076
-8.66959019680976,42.2720623818699,1124
-8.64055658133002,42.2816687087615,942
-8.6130991853405,42.310237927249,1624
-8.60799055324964,42.2966962538304,1694
-8.59028443712602,42.3104837712908,2136
-8.62551157479016,42.2562447626471,1183
-8.60230457163395,42.2585067712638,1398
-8.62128087223581,42.2398409911891,1215
-8.75643242562434,42.5139188558785,1833
-8.73555220857074,42.5319095982123,952
-8.77094053595806,42.4934869661973,1705
-8.79075293843306,42.4949218263184,667
-7.92328781183658,42.637502670272,953
-7.92946177778861,42.7057796504485,714
-7.97757099341817,42.6322670909785,694
-8.83061035580083,41.9327997219701,1710
-8.83822524606524,41.9563904031322,972
-8.85142879365813,41.946385955819,656
-8.8659904040433,41.9395402091105,1290
-8.82198043486328,41.9144714678765,927
-8.79497180232449,41.9295527044822,821
-8.55417520321804,42.1037120591108,1701
-8.567042778579,42.1268289278324,1199
-8.54602211474343,42.1155644984762,762
-8.56201257844032,42.1018536915594,2099
-8.55938998549511,42.0970757277602,766
-8.59228124783024,42.0939542263857,1667
-8.5767410212322,42.0782980300402,1055
-8.49353901271449,42.0849944082925,2012
-8.49136928037676,42.1249147311776,1358
-8.43480761309662,42.1602645496138,603
-8.52412685586112,42.1061591355568,659
-8.53669694967717,42.0791660412194,1062
-8.46848463554197,42.0983585194877,905
-8.4557571666483,42.1234892922154,1180
-8.49932887398865,42.093088681792,2269
-8.8114980173387,42.4021917480685,2375
-8.82404072708893,42.395299656559,649
-8.82766299993562,42.3922658803534,1490
-8.7926740859494,42.4075876405622,2219
-8.84045142597053,42.3976141829337,1809
-8.82871069603044,42.4128050557644,1251
-8.80599968663494,42.4252693539694,784
-8.76797418122984,42.4064878190205,1352
-8.82800657787681,42.4329054593366,830
-8.83433856137168,42.444741819516,1333
-8.84619518390238,42.4492740582472,866
-8.8570669554407,42.4396053493225,1275
-8.85997756548605,42.4210782433232,1402
-8.25189293248945,42.6793580356865,2457
-8.22597882370022,42.6863754809828,827
-8.25978903831516,42.7235774919362,1917
-8.27991289325248,42.6555935856573,1264
-8.30772949195003,42.7318138548352,1559
-8.33703841705961,42.7514905436266,821
-8.56545614515363,42.345992928029,1146
-8.55867871336794,42.3261539327304,1111
-8.59822279681735,42.3368585876943,2048
-8.60971826116709,42.3340532165321,1518
-8.61105447532084,42.3401146082689,1659
-8.73597319684314,41.9976902902784,2353
-8.76610431886266,41.9901791086247,1627
-8.70276934219462,41.992811732581,2402
-8.69602845093626,42.0156706569829,1816
-8.75354566564307,42.0471764222693,1333
-8.76931663909211,42.0249228941761,1237
-8.77765357682041,41.9484134754608,2067
-8.77488478761048,41.9699639593234,895
-8.64447606662216,42.0518013694957,2463
-8.63904586878243,42.0524151092114,1913
-8.64762586954011,42.0450246942665,1925
-8.67484057274456,42.0579584418564,1472
-8.66494186209029,42.03585592534,1597
-8.66732358331066,42.0671895734128,1148
-8.70418366750613,42.0550647155199,856
-8.65803695982206,42.0770155389749,1243
-8.65518032301815,42.0973561811774,886
-8.6247338719186,42.070007258814,1919
-8.59532564298843,42.0619470877157,1063
-8.56663155452497,42.0593376051883,913
-8.62228007504936,42.6937696552842,1133
-8.64769049380256,42.6888758751382,936
-8.70127427331058,42.6981259148457,1214
-8.67548248402881,42.6898274881506,827
-8.64840904171495,42.6724567928085,710
-8.66683508584337,42.7107752614862,948
-8.73088305743895,42.2351634415764,1008
-8.72943816261081,42.237015629486,707
-8.72724817234839,42.2400638360991,1535
-8.72287755832461,42.2395677807156,1837
-8.71893656528114,42.2399992948558,833
-8.71609229046149,42.2403012925092,1060
-8.71311985782487,42.2391339475547,1422
-8.71113051262927,42.2397808065275,1387
-8.70881891370911,42.2373204578736,963
-8.71342955475462,42.2365483873135,1906
-8.71400893674677,42.2373749525899,1306
-8.71677741459559,42.2374313799455,1223
-8.71404152228795,42.2351528697605,1528
-8.71937739234508,42.2374440314594,1472
-8.72239614173169,42.236560375062,1047
-8.72618173040977,42.2362753534733,2030
-8.72317865750374,42.2344602293627,1525
-8.71983300156991,42.2341756887792,995
-8.71848462661817,42.234459018951,1341
-8.71961286161189,42.232966197186,1075
-8.72451068365099,42.2315725578004,899
-8.72424248335018,42.2336751490699,1156
-8.72094260792716,42.2318218203097,1149
-8.71922762365204,42.2319589435146,904
-8.71975681951804,42.2307406989723,1104
-8.71565631564017,42.2333891006637,949
-8.71628564144823,42.2321160075214,925
-8.71687689916535,42.2311299257604,817
-8.7174754046449,42.2297974637143,1096
-8.71304903116864,42.2298601580185,1163
-8.71396843016225,42.2318380204337,1355
-8.71318199071295,42.2328126377822,680
-8.71199874707151,42.2334843496287,1445
-8.71017953259409,42.2335776445162,966
-8.71186253728971,42.2317850961359,1017
-8.70995247613868,42.2309808939718,1025
-8.71039932426056,42.2317417956508,815
-8.70938808627157,42.2323267720112,974
-8.70847765690541,42.233772205666,1034
-8.70759362767231,42.235921922871,617
-8.70614810458518,42.2357352733802,1027
-8.70451759152214,42.2344466852198,1438
-8.70728918497073,42.2334422460187,1121
-8.7145908527873,42.2278506690348,1638
-8.70886149411573,42.2281361410191,1570
-8.71118716385628,42.2260159256089,760
-8.71164129665281,42.2227903023331,813
-8.7344560324251,42.2318930443077,1427
-8.73344659971157,42.2297330631323,1467
-8.73218600916549,42.2326546517629,1224
-8.73119713063251,42.2326439775125,1742
-8.73219898355054,42.2301286786851,754
-8.73278759895545,42.2286254846449,1104
-8.73453004806305,42.2266628500227,1186
-8.73408919949643,42.2245562684477,727
-8.73337207667577,42.2224734599402,744
-8.73248802019528,42.2242199112904,1040
-8.73223551135309,42.2262620864015,919
-8.73131006917369,42.2272142541878,1311
-8.73121494424112,42.2300702928251,784
-8.72996443708988,42.2332629517977,1133
-8.7288362283178,42.2321013927905,1251
-8.72996646807762,42.2285893561194,1025
-8.7308413253601,42.2286871556677,1451
-8.72924136169164,42.2264360612545,893
-8.7262790037424,42.2283351332975,1202
-8.72847227253195,42.2247873869989,1230
-8.7304225896149,42.2245230288001,1459
-8.7315656676921,42.2234117302297,1341
-8.73114934846667,42.2212228625586,910
-8.73150219560313,42.2194256777453,1238
-8.7298021657361,42.2219199917337,702
-8.72936966120766,42.2229400079844,903
-8.72802427402809,42.2223180540404,1064
-8.72678486755728,42.2230756636513,1065
-8.72563300747375,42.2236777236165,905
-8.72474678200839,42.2244593340813,1157
-8.72398524315831,42.2252635319812,1226
-8.72373615907757,42.2264495911413,639
-8.72265704476261,42.225635645892,855
-8.72192756154228,42.2267181849309,1290
-8.72136712090888,42.2280833830151,1250
-8.73842648060135,42.2257695090181,1568
-8.72638673096765,42.2258601601687,2025
-8.75417277167549,42.2288896802208,1587
-8.7513917602973,42.2240924389269,1358
-8.74518100750396,42.2251011972538,968
-8.73904590608548,42.2224019466809,1239
-8.74619012375465,42.223225150762,1374
-8.75004125170274,42.2212535293239,794
-8.75246068794426,42.2201191381496,1363
-8.75536134137805,42.2204229970714,625
-8.75284794994354,42.2183226467407,618
-8.75142647304713,42.2178998663048,1172
-8.74652717249717,42.2188182850254,1283
-8.74782906502795,42.219888448231,970
-8.74567474363913,42.2214833109799,758
-8.74180032693782,42.2208030985974,778
-8.74152713402981,42.2197089618394,1353
-8.73550776606385,42.2205749686136,893
-8.73547759414226,42.2198481712085,699
-8.736827455253,42.2184873997462,1296
-8.73855577754682,42.2183080710841,1278
-8.74146188184875,42.2179951477385,2026
-8.74515499382452,42.2169415694031,1192
-8.74816727651101,42.2168116431709,864
-8.75044130140667,42.2169393806865,1056
-8.75405533839128,42.2148639093207,2382
-8.75087183905727,42.2135057123386,1136
-8.7486530534307,42.2146977508177,752
-8.74702389130218,42.2150712752754,614
-8.74724437805964,42.2127368531553,1179
-8.74567078721384,42.2108260090361,1170
-8.74298255294165,42.2112953516433,867
-8.74206832228435,42.2131275736234,1355
-8.73829984149313,42.212024465406,932
-8.74009751705948,42.2138757134998,1708
-8.73826876436448,42.2152260002326,1203
-8.73615042647615,42.2144784748704,1448
-8.73393830120055,42.2130981642892,1412
-8.73370159367811,42.2150318648979,831
-8.73349562147564,42.2177914277891,1534
-8.73640115799487,42.2169690684621,992
-8.73483086380391,42.2183506388405,1427
-8.74042378535675,42.2164816090658,1097
-8.74371270031018,42.2150113055223,1576
-8.71684843460257,42.2257908944422,1230
-8.71832762006826,42.2217468113592,1161
-8.72313651866468,42.2227432346105,1178
-8.72599513112403,42.2151762543104,1317
-8.7304050445416,42.2165643431738,1442
-8.73291661752389,42.2115022156295,1197
-8.73581352391768,42.2117414116248,1255
-8.7331101864101,42.2095314968512,1353
-8.72456851544064,42.2031207523799,1866
-8.72016387460773,42.2090961907619,1723
-8.71155620410407,42.2154635625824,1520
-8.70444353280591,42.2114806280058,679
-8.70821432241436,42.2410185481145,845
-8.70647506993323,42.2409319200075,900
-8.70671857382606,42.2465492517639,1498
-8.7029948397601,42.246044794622,978
-8.69912169698554,42.2468408304577,813
-8.69956551414045,42.248385338449,815
-8.70139760429237,42.2486330705317,847
-8.70453636115267,42.2515390180659,690
-8.69998231813155,42.2508703671486,1621
-8.69968990158769,42.2557794768238,929
-8.69289926129997,42.2556752623201,997
-8.68169493735375,42.2588934426416,942
-8.67741016970719,42.25118686284,887
-8.68719606736659,42.2530198474652,776
-8.68891998383066,42.2462530697541,1378
-8.69278116869121,42.2495208866721,1073
-8.69609477791259,42.250715214949,1356
-8.69597719594271,42.2488282428119,1320
-8.69569964967882,42.2465897314319,1112
-8.69676313399339,42.24394481196,911
-8.69997288805885,42.2418699895685,1668
-8.69881864597722,42.2435286350582,896
-8.70229931390868,42.2437710450536,1294
-8.702169525139,42.2419314764891,1341
-8.70366356405249,42.2401972325017,1059
-8.70377283943769,42.2363229224887,1150
-8.70457822612861,42.2380756413987,1537
-8.70184756245351,42.2398560149604,1266
-8.70223456530124,42.2373246928286,1587
-8.70128768094511,42.2344595804321,1373
-8.70118183840877,42.2321961325776,1245
-8.70340553446901,42.2321410888286,1184
-8.70551572748072,42.232875696636,837
-8.70596279245791,42.2313889073594,1445
-8.7078163641046,42.2314093046543,1090
-8.70714618425239,42.2298471568683,1209
-8.70425119536125,42.230068920358,1302
-8.70629255747584,42.2288421573059,863
-8.70557675949937,42.2270938249573,2160
-8.70712750086607,42.226304641299,1244
-8.70841921723729,42.2248052892947,1004
-8.70334403128256,42.2279848178489,913
-8.70092714285483,42.2286096976377,1098
-8.70207460311907,42.2301836598721,1031
-8.69808658883457,42.2365972755393,1398
-8.69519889916557,42.2405689687482,1717
-8.68469990691939,42.2402480403556,1318
-8.69154812022611,42.2340391639974,1167
-8.68940863556004,42.2308258205029,1857
-8.69724602084028,42.2328475725441,1246
-8.69234444151423,42.2294834366864,2256
-8.69875535496137,42.2284600453987,1413
-8.69580265211806,42.2255254816315,818
-8.70263806502219,42.2222736240603,1802
-8.70676651600903,42.2243979199387,1377
-8.692919151494,42.217748766127,1097
-8.68768173175663,42.223944792026,667
-8.68057430579782,42.2183791543418,713
-8.68204930279485,42.2251842453343,848
-8.67690720095108,42.2265162945558,988
-8.68103971601699,42.2333682604098,2378
-8.67195441278136,42.2325111944306,1558
-8.67157643591055,42.2386298588857,1028
-8.6560729553219,42.244377347286,2093
-8.63788862585325,42.231125572618,1048
-8.65831790750198,42.2310287654923,1529
-8.66762785682181,42.2245212015402,1586
-8.67101704825976,42.2165885776266,1292
-8.652808522476,42.2188778674275,1214
-8.74146840308942,42.2050924387469,748
-8.74092455777748,42.1977778912907,887
-8.73466550951201,42.1933119713849,854
-8.72566984789275,42.1958690153832,1170
-8.71332159911075,42.1928697481772,1214
-8.70954966420452,42.2030068521491,1181
-8.69751810423175,42.1992806744564,828
-8.70256358756685,42.192470352313,1272
-8.6962521923296,42.181338734233,757
-8.67693530126914,42.189888271162,1188
-8.68986523988518,42.2096687650604,1788
-8.68446696519728,42.2037857168449,1423
-8.72208296793641,42.1869523235813,607
-8.72868153695611,42.1751571693079,1322
-8.73934543895112,42.1816712331802,1226
-8.72163326786323,42.1667292038856,1027
-8.70882638272243,42.1672206776542,1231
-8.68997926860918,42.1561793090827,857
-8.77028507438685,42.2200843353533,1843
-8.76278370847053,42.2170388296022,2433
-8.76994809775684,42.2101702233738,932
-8.76733539167493,42.2050017109447,1345
-8.75704404581717,42.2040301876078,1705
-8.75464699909494,42.1938909662516,1458
-8.77028076549745,42.1800621806249,1326
-8.77366106390069,42.1905478578112,1196
-8.77829078944704,42.1957723678303,1305
-8.78857299796293,42.1986970669477,1506
-8.80605413064431,42.189480349575,760
-8.79470867897914,42.1887076407373,873
-8.79603172713064,42.1792684731044,1029
-8.80718843908589,42.1815618627481,1203
-8.8014898817248,42.1703457489885,1158
-8.75387704963477,42.2110842601081,2252
-8.75757544131614,42.2098662780419,1187
-8.75951919577883,42.2077765692147,2802
-8.7562050181405,42.2114936371281,1104
-8.63027325614807,42.3813440445942,1594
-8.64866764896162,42.3596993594288,1621
-8.67224565620466,42.3208951620033,1457
-8.66185906389991,42.3387457743213,1283
-8.14846111394768,42.7886978844777,1491
-8.1842410817219,42.8079191289275,1268
-8.27778666898534,42.8083950784392,1081
-8.76319440208587,42.5972681434328,1686
-8.76569408426206,42.5939480074768,1497
-8.77126567127086,42.5942732288201,864
-8.75036614051748,42.6014424176509,1538
-8.76214332909207,42.5950444363235,1266
-8.7556233194278,42.5895702181174,714
-8.75436907490369,42.5945289786596,2316
-8.7670655671171,42.6053244467941,1562
-8.76852539430246,42.5917744903203,2257
-8.76302300634348,42.5924609434647,2370
-8.76484089234629,42.599782952514,2143
-8.77112493844519,42.5881638380907,1263
-8.77277905130999,42.5879014139481,1366
-8.75975302089193,42.5975336039086,819
-8.79321946315365,42.5839870605067,967
-8.78251183098259,42.5779243667624,1555
-8.78864174744567,42.5676901833135,697
-8.77882360621947,42.616990215086,1888
-8.75466696855397,42.6125780223033,1358
-8.74913940771297,42.6287675376919,1236
-8.72600260736787,42.6083282505501,1161
-8.75815587054926,42.569337908367,1577
-8.73846059541794,42.5777117357281,1166
-8.76922461467215,42.5847292860184,2169
-8.77867132668119,42.5849409571678,626
-8.78160146360909,42.5908980846181,1484
-8.82661506304456,42.5626364974241,1271
-8.82366246667165,42.5708682196914,1888
-8.71776756171954,42.5632033678188,814
-8.76247605429293,42.5459528218575,1316
-8.78641325888652,42.5621184378852,1587
-8.81828277054641,42.5569660159828,1743
-8.81391349187085,42.5440006065579,1687
-8.86415176941299,42.5635484177765,1729
-8.88101895383693,42.5659603695381,1369
-8.87197938891307,42.5431966224276,1853
-8.43836388400088,42.4874996308608,707
-8.49982773152179,42.5105097174204,719
-8.48078043939569,42.4430152617108,1233
-8.54449088031649,42.4700199515004,1578
-8.38967651927932,42.5322678844784,823
-8.42430587979666,42.5626479103693,659
-7.80867573499748,42.1905721120505,2550
-7.79344118336205,42.1944762358151,1635
-7.86380530092114,42.338714303959,1170
-7.86455778635248,42.3367296657701,642
-7.87269145352791,42.3331556945492,1435
-7.87484560172482,42.3263352551449,619
-9.00975918098667,42.5754217773241,NA
-8.99301908667008,42.6117052979833,NA
-8.62259561762757,42.1575307366367,2769
-8.62020674663406,42.1584786619997,NA
-8.33734192064004,43.3460302321265,1217
-8.34967719260217,43.3389855825173,2413
-8.34586011426837,43.3477414224544,2121
-8.2536768388187,42.7657587708187,732
-8.32052450537672,42.7841700731718,525
